Combinations,MSE,RMSE,MAE,MDAE,EVS,R2
['MLR'],0.0006462814785328341,0.025422066763598,0.01559446128350434,0.0100694145,0.7840687815977658,0.7840687740714543
['DTR(6)'],0.0005760145443036537,0.024000303004413377,0.013846554265627116,0.007773321999999999,0.8075460481083025,0.8075458900872068
['PR(4)'],0.0005174286742242694,0.022747058584007503,0.013363265073535047,0.007611266000000008,0.8271202074446251,0.8271202074218931
"['MLR', 'DTR(6)']",0.0005863897299330513,0.024215485333419426,0.014386653852537611,0.008188122,0.8040794613946477,0.8040794027645654
"['MLR', 'PR(4)']",0.0005423878793405651,0.023289222385914157,0.013845355953243326,0.008021305,0.8187810075769012,0.8187810054828266
"['DTR(6)', 'PR(4)']",0.000525989042856841,0.022934451004042827,0.013310724283351642,0.0074704265,0.8242601150210052,0.8242600745624032
"['MLR', 'DTR(6)', 'PR(4)']",0.0005421491012734525,0.023284095457488843,0.013671587527204472,0.007703373500000003,0.8188608109799469,0.8188607844065141
