Estimators,MSE,RMSE,MAE,MDAE,EVS,R2
10,0.025890508157870477,0.16090483945964462,0.15852636398551995,0.16740289423630514,0.6831944326637276,-7.704125134640525
50,0.0005708960637501172,0.023868297912640345,0.014646797397313775,0.008679760608012078,0.8109586774592816,0.8090307774579416
100,0.0005518321402601781,0.023461044955855378,0.013637323943116264,0.007655324620070364,0.8155466801329748,0.8154843245141487
150,0.0005481737051440987,0.023379760124162274,0.013529781707348953,0.007610007903054451,0.8167602740636333,0.8167093216082262
200,0.0005474855928638186,0.02336668712125424,0.013469960712365042,0.007592278259373101,0.817007658296358,0.8169545526585249
250,0.0005497792960478567,0.02341163134908807,0.013434037519952645,0.007568545609266025,0.816156934474305,0.8161162651845798
